{"cameraMode":{"drawMode":0,"name":"Shaded","section":"Shading Mode"},"sceneLighting":true,"audioPlay":false,"sceneViewState":{"m_AlwaysRefresh":false,"showFog":true,"showSkybox":true,"showFlares":true,"showImageEffects":true,"showParticleSystems":true,"showVisualEffectGraphs":true,"m_FxEnabled":true},"in2DMode":false,"pivot":{"x":32.59707260131836,"y":-0.08943033218383789,"z":16.951135635375978},"rotation":{"x":-0.36375701427459719,"y":0.0075421445071697239,"z":-0.0029465106781572105,"w":-0.9314622282981873},"size":2.601996421813965,"orthographic":false}