{"cameraMode":{"drawMode":0,"name":"Shaded","section":"Shading Mode"},"sceneLighting":false,"audioPlay":false,"sceneViewState":{"m_AlwaysRefresh":false,"showFog":true,"showSkybox":false,"showFlares":true,"showImageEffects":true,"showParticleSystems":true,"showVisualEffectGraphs":true,"m_FxEnabled":true},"in2DMode":false,"pivot":{"x":-37.18387985229492,"y":-0.454454243183136,"z":3.3147006034851076},"rotation":{"x":0.41083815693855288,"y":0.38712695240974429,"z":-0.1965809017419815,"w":0.8018454313278198},"size":0.45688167214393618,"orthographic":false}