{"cameraMode":{"drawMode":0,"name":"Shaded","section":"Shading Mode"},"sceneLighting":false,"audioPlay":false,"sceneViewState":{"m_AlwaysRefresh":false,"showFog":true,"showSkybox":false,"showFlares":true,"showImageEffects":true,"showParticleSystems":true,"showVisualEffectGraphs":true,"m_FxEnabled":true},"in2DMode":false,"pivot":{"x":-28.426067352294923,"y":-1.2691044807434083,"z":28.617761611938478},"rotation":{"x":0.039646267890930179,"y":-0.7367151975631714,"z":0.045427195727825168,"w":0.6736899018287659},"size":5.829126834869385,"orthographic":false}