{"cameraMode":{"drawMode":0,"name":"Shaded","section":"Shading Mode"},"sceneLighting":false,"audioPlay":false,"sceneViewState":{"m_AlwaysRefresh":false,"showFog":true,"showSkybox":false,"showFlares":true,"showImageEffects":true,"showParticleSystems":true,"showVisualEffectGraphs":true,"m_FxEnabled":true},"in2DMode":false,"pivot":{"x":-22.914302825927736,"y":-2.345613479614258,"z":23.48509979248047},"rotation":{"x":0.010760540142655373,"y":0.9854773879051209,"z":-0.15680064260959626,"w":0.06556454300880432},"size":2.317878007888794,"orthographic":false}