{"cameraMode":{"drawMode":0,"name":"Shaded","section":"Shading Mode"},"sceneLighting":false,"audioPlay":false,"sceneViewState":{"m_AlwaysRefresh":false,"showFog":true,"showSkybox":false,"showFlares":true,"showImageEffects":true,"showParticleSystems":true,"showVisualEffectGraphs":true,"m_FxEnabled":true},"in2DMode":false,"pivot":{"x":-22.33396339416504,"y":-3.7835302352905275,"z":21.629453659057618},"rotation":{"x":0.010760540142655373,"y":0.9854773879051209,"z":-0.15680064260959626,"w":0.06556454300880432},"size":4.6554388999938969,"orthographic":false}