{"cameraMode":{"drawMode":0,"name":"Shaded","section":"Shading Mode"},"sceneLighting":false,"audioPlay":false,"sceneViewState":{"m_AlwaysRefresh":false,"showFog":true,"showSkybox":false,"showFlares":true,"showImageEffects":true,"showParticleSystems":true,"showVisualEffectGraphs":true,"m_FxEnabled":true},"in2DMode":false,"pivot":{"x":-23.446210861206056,"y":-2.0975584983825685,"z":23.496639251708986},"rotation":{"x":0.15073002874851228,"y":0.7855870723724365,"z":-0.562297523021698,"w":0.21005024015903474},"size":1.1699362993240357,"orthographic":false}