{"cameraMode":{"drawMode":0,"name":"Shaded","section":"Shading Mode"},"sceneLighting":true,"audioPlay":false,"sceneViewState":{"m_AlwaysRefresh":false,"showFog":true,"showSkybox":false,"showFlares":true,"showImageEffects":true,"showParticleSystems":true,"showVisualEffectGraphs":true,"m_FxEnabled":true},"in2DMode":false,"pivot":{"x":-34.715789794921878,"y":-13.152421951293946,"z":19.635501861572267},"rotation":{"x":0.059083983302116397,"y":-0.9378178715705872,"z":0.2766776382923126,"w":0.20152242481708527},"size":6.301575183868408,"orthographic":false}